"","pac_name_affiliate","country","parent","total","dems","repubs","year"
"1","7-Eleven","Japan","Ito-Yokado",8500,1500,7000,"2000"
"2","ABB Group","Switzerland","Asea Brown Boveri",46000,17000,28500,"2000"
"3","Accenture","UK","Accenture plc",75984,23000,52984,"2000"
"4","ACE INA","UK","ACE Group",38500,12500,26000,"2000"
"5","Acuson Corp (Siemens AG)","Germany","Siemens AG",2000,2000,0,"2000"
"6","Adtranz (DaimlerChrysler)","Germany","DaimlerChrysler AG",10500,10000,500,"2000"
"7","AE Staley Manufacturing (Tate & Lyle)","UK","Tate & Lyle",24000,10000,14000,"2000"
"8","AEGON USA (AEGON NV)","Netherlands","Aegon NV",58250,10500,47750,"2000"
"9","AIM Management Group","UK","AMVESCAP",25000,10000,15000,"2000"
"10","Air Liquide America","France","L'Air Liquide SA",0,0,0,"2000"
"11","Alcatel USA","France","Alcatel",21000,6000,15000,"2000"
"12","Aliant Communications","Canada","BCE",2000,1000,1000,"2000"
"13","Allfirst Financial","Ireland","Allied Irish Banks",11900,6950,4950,"2000"
"14","Allied Domecq Spirits & Wine","UK","Allied Domecq",41800,6200,35600,"2000"
"15","AMP Inc (Tyco International)","Ireland","Tyco International",17750,1250,16500,"2000"
"16","Anglogold Ltd","UK","Anglo American PLC",14000,4000,10000,"2000"
"17","APL Ltd","Singapore","Neptune Orient Lines Ltd",20200,5450,14750,"2000"
"18","Aqua-Chem Inc","France","Lyonnaise des Eaux-Dumez Group",1639,0,1639,"2000"
"19","ASARCO LLC","Mexico","Nueva Grupo Mexico",20735,2000,18735,"2000"
"20","AstraZeneca Pharmaceuticals (AstraZeneca PLC)","UK","AstraZeneca",131155,28250,102905,"2000"
"21","Atlantic Richfield (BP)","UK","BP PLC",106454,30979,75475,"2000"
"22","ATOFINA Chemicals (TotalFinaElf)","France","TOTAL FINA ELF",25650,5650,20000,"2000"
"23","ATOFINA Petrochemicals (TotalFinaElf)","France","TotalFinaElf",25000,9250,15750,"2000"
"24","Aventis CropScience (Aventis)","France","Aventis",23500,12500,11000,"2000"
"25","Aventis Pasteur USA (Aventis)","France","Aventis",107500,54500,53000,"2000"
"26","Aventis Pharmaceuticals (Aventis)","France","Aventis",18000,1500,16500,"2000"
"27","Aventis Pharmaceuticals Products (Aventis)","France","Aventis",48700,7500,41200,"2000"
"28","Bacardi USA (Bacardi Ltd)","UK","Bacardi Ltd",500,0,500,"2000"
"29","Bacardi USA (Bacardi Ltd)","UK","Bacardi Ltd",0,0,0,"2000"
"30","BAE Systems North America (BAE Systems)","UK","BAE Systems",243639,98580,145059,"2000"
"31","Barrick Goldstrike Mines","Canada","Barrick Gold Corp",73250,20075,53175,"2000"
"32","BASF Corp","Germany","BASF Group",219250,31500,185750,"2000"
"33","Bayer Corp","Germany","Bayer AG",245500,57500,188000,"2000"
"34","Bear Creek Corp (Yamanouchi Consumer)","Japan","Yamanouchi Consumer",4500,1500,3000,"2000"
"35","BHP Holdings","Australia","Broken Hill Proprietary",4250,1500,2750,"2000"
"36","Bird-Johnson Co (Rolls-Royce PLC)","UK","Rolls-Royce PLC",6500,4000,2500,"2000"
"37","Blue Circle America (Blue Circle Industries)","UK","Blue Circle Industries",31500,5000,26500,"2000"
"38","BOC Group","UK","BOC Group",0,0,0,"2000"
"39","BP (BP)","UK","BP PLC",-3000,-3000,0,"2000"
"40","BP North America (BP)","UK","BP PLC",204000,56500,147500,"2000"
"41","Brinson Partners","Switzerland","UBS AG",0,0,0,"2000"
"42","Brown & Williamson Tobacco","UK","British American Tobacco",363550,116500,243050,"2000"
"43","Budd Co","Germany","ThyssenKrupp AG",14000,1000,13000,"2000"
"44","Burns International Services (Securitas AB)","Sweden","Securitas AB",500,0,500,"2000"
"45","Burson-Marsteller (WPP Group)","UK","WPP Group",83500,46500,37000,"2000"
"46","Business Men's Assurance Co","Italy","Assicurazioni Generali",4000,2000,2000,"2000"
"47","Cable & Wireless USA","UK","Cable & Wireless PLC",67000,27000,40000,"2000"
"48","Case New Holland","Italy","Fiat SPA",59000,8500,50500,"2000"
"49","Celanese Americas Corp","Germany","Celanese AG",43850,16500,26850,"2000"
"50","Central Soya Co","Italy","Montedison",10500,1000,9500,"2000"
"51","CGU Corp","UK","CGU PLC",500,500,0,"2000"
"52","Ciba Specialty Chemicals","Switzerland","Ciba Specialty Chemicals Holding",19500,4000,15500,"2000"
"53","CIBC Oppenheimer","Canada","Canadian Imperial Bank of Commerce",0,0,0,"2000"
"54","Cominco American","Canada","Cominco Ltd",5000,0,5000,"2000"
"55","Coral Energy (Royal Dutch/Shell Group of Companies)","Netherlands","Royal Dutch Shell",27500,3500,23500,"2000"
"56","Credit Suisse First Boston (Credit Suisse Group)","Switzerland","Credit Suisse Group",18500,500,18000,"2000"
"57","Credit Suisse First Boston (Credit Suisse Group)","Switzerland","Credit Suisse Group",225857,99857,126000,"2000"
"58","CSR America","Australia","CSR Ltd",102750,9000,93750,"2000"
"59","DaimlerChrysler (DaimlerChrysler)","Germany","DaimlerChrysler AG",450100,166650,283450,"2000"
"60","Deutsche Bank North America","Germany","Deutsche Bank AG",144000,67000,77000,"2000"
"61","Equitable Life Assurance Society (AXA)","France","AXA",133000,62000,71000,"2000"
"62","Equitable of Iowa Companies (ING Group)","Netherlands","ING Group",8200,3700,4500,"2000"
"63","Essroc Corp","Italy","Italcementi Group",2500,0,2500,"2000"
"64","Experian (GUS plc)","UK","GUS plc",5250,750,4500,"2000"
"65","Farmers Group (Zurich Financial Services)","Switzerland","Zurich Financial Services",52594,4000,48594,"2000"
"66","Fireman's Fund Insurance (Allianz)","Germany","Allianz AG Holding",63900,17050,46850,"2000"
"67","Food Lion","Belgium","Delhaize Group",25000,13750,11250,"2000"
"68","Fortis Inc","Belgium","Fortis AG",8500,2500,6000,"2000"
"69","GEC-Marconi Hazeltine (BAE Systems)","UK","BAE Systems",0,0,0,"2000"
"70","Genentech Inc (Roche Holdings)","Switzerland","Roche Group",123250,62750,60500,"2000"
"71","Gilman Paper","Mexico","Grupo Industrial Durango",12412,0,12412,"2000"
"72","GKN Corp","UK","GKN PLC",4775,0,4775,"2000"
"73","GlaxoSmithKline (GlaxoSmithKline)","UK","GlaxoSmithKline",604759,109998,494761,"2000"
"74","GlaxoSmithKline (GlaxoSmithKline)","UK","GlaxoSmithKline",135500,35750,99750,"2000"
"75","Grand Trunk Western-Illinois Central RR","Canada","Canadian National Railway",12065,7315,4750,"2000"
"76","Great-West Life & Annuity Insurance (Power Financial Corp)","Canada","Power Financial Corp",46000,5000,41000,"2000"
"77","Greyhound Lines","Canada","Laidlaw",36500,20000,16500,"2000"
"78","Guinness/UDV North America (Diageo PLC)","UK","Diageo PLC",97500,48500,49000,"2000"
"79","Heublein UDV (Diageo plc)","UK","Diageo PLC",1500,500,1000,"2000"
"80","Hill & Knowlton (WPP Group)","UK","WPP Group",42500,21000,21500,"2000"
"81","Hoffmann-La Roche (Roche Holdings)","Switzerland","Roche Holdings",143249,48000,95249,"2000"
"82","Holnam Inc","Switzerland","Holderbank Financiere Glaris",52250,12000,40250,"2000"
"83","HSBC USA","UK","HSBC Holdings",7160,3500,3660,"2000"
"84","ING US (ING Group)","Netherlands","ING Group",86500,25000,61500,"2000"
"85","Instinet Corp","UK","Reuters Group",47800,17250,30550,"2000"
"86","JA Jones Construction (Philipp Holzmann AG)","Germany","Philipp Holzmann AG",1250,1000,250,"2000"
"87","Jackson National Life Insurance","UK","Prudential PLC",77100,19500,57600,"2000"
"88","Joseph E Seagram & Sons (Vivendi Universal)","France","Vivendi Universal",117822,50000,67822,"2000"
"89","Kennecott Energy","UK","Rio Tinto PLC",71045,12000,59045,"2000"
"90","LaFarge Corp","France","Lafarge SA",21550,10100,11450,"2000"
"91","LaSalle National Corp (ABN AMRO)","Netherlands","ABN Amro Holding",23075,12375,10700,"2000"
"92","Learjet Inc (Bombardier Inc)","Canada","Bombardier Inc",13500,2000,11500,"2000"
"93","Lehigh Portland Cement","Germany","HeidelbergCement AG",11500,3000,8500,"2000"
"94","Lone Star Industries","Germany","Dyckerfhoff",7000,1000,6000,"2000"
"95","Loral Space & Communications","UK","Loral Space & Communications",107000,86000,21000,"2000"
"96","Louisville Gas & Electric","UK","PowerGen",5000,0,5000,"2000"
"97","Maersk Inc (AP Moller-Maersk)","Denmark","AP Moller-Maersk",37000,7500,29500,"2000"
"98","Mallinckrodt Pharmaceuticals (Tyco International)","Ireland","Tyco International",149400,55500,93900,"2000"
"99","Massachusetts Financial Services","Canada","Sun Life Financial Services",21000,11500,9500,"2000"
"100","Master Builders Inc","Germany","E.ON AG",2000,0,2000,"2000"
"101","Michigan National Bank","Australia","National Australia Bank",16500,1000,15500,"2000"
"102","National Grid USA (National Grid plc)","UK","National Grid plc",52000,33000,19000,"2000"
"103","National Steel Corp","Japan","NKK Corp",0,0,0,"2000"
"104","NCS Pearson (Pearson PLC)","UK","Pearson PLC",600,300,300,"2000"
"105","Nestle USA (Nestle SA)","Switzerland","Nestle",52000,13000,37500,"2000"
"106","News America Publishing","Australia","News Corp",82500,31000,51500,"2000"
"107","Novartis Corp (Novartis AG)","Switzerland","Novartis AG",157969,33733,124236,"2000"
"108","Oldcastle Materials","Ireland","CRH PLC",81841,28000,53841,"2000"
"109","ONDEO Nalco (SUEZ SA)","France","Suez Lyonnaise des Eaux",35750,4750,31000,"2000"
"110","Oppenheimer Capital (Allianz)","Germany","Allianz AG Holding",0,0,0,"2000"
"111","Organon Inc","Netherlands","Akzo Nobel",2250,250,2000,"2000"
"112","PacifiCorp","UK","Scottish Power",11500,4250,7250,"2000"
"113","PaineWebber","Switzerland","UBS AG",85950,29950,56000,"2000"
"114","Peter Pan Seafoods","Japan","Nichiro Corp",1700,0,1700,"2000"
"115","Philips Electronics North America","Netherlands","Philips Electronics",55700,6500,49200,"2000"
"116","Pilkington North America","UK","Pilkington Group",13500,1000,12500,"2000"
"117","Pillsbury Co (Diageo PLC)","UK","Diageo PLC",33000,8500,24500,"2000"
"118","Pinkerton Tobacco","Sweden","Swedish Match AB",49750,8000,40750,"2000"
"119","Reed Elsevier Inc","UK","Reed Elsevier Group",10250,4250,6000,"2000"
"120","Reliastar Financial (ING Group)","Netherlands","ING Group",54096,21715,32381,"2000"
"121","Rolls-Royce North America (Rolls-Royce PLC)","UK","Rolls-Royce International",54629,15218,39411,"2000"
"122","Roquette America","France","Roquette Freres",3750,3000,750,"2000"
"123","Sagem Morpho Inc","France","Sagem SA",2000,2000,0,"2000"
"124","Sea-Land Service (AP Moller-Maersk)","Denmark","AP Moller-Maersk",74100,24500,49350,"2000"
"125","Security Life of Denver (ING Group)","Netherlands","ING Group",13600,4100,9500,"2000"
"126","Serono Inc","Switzerland","Serono SA",7000,5000,2000,"2000"
"127","Shaklee Corp (Yamanouchi Consumer)","Japan","Yamanouchi Pharmaceutical",0,0,0,"2000"
"128","Shell Oil (Royal Dutch/Shell Group of Companies)","Netherlands","Royal Dutch/Shell Group of Companies",118600,29500,89100,"2000"
"129","Siemens Corp (Siemens AG)","Germany","Siemans AG",10000,4000,6000,"2000"
"130","Siemens ElectroCom (Siemens AG)","Germany","Siemens AG",4500,1000,3500,"2000"
"131","Sony Pictures Entertainment (Sony Corp)","Japan","Sony Corp",78750,50000,28750,"2000"
"132","Standard Federal Bank (ABN AMRO)","Netherlands","ABN Amro Holding",2750,0,2750,"2000"
"133","Syngenta Corp","Switzerland","Syngenta AG",0,0,0,"2000"
"134","Syntex (USA) Inc (Roche Holdings)","Switzerland","Roche Holdings",8750,6250,2500,"2000"
"135","Tate & Lyle North American Sugars (Tate & Lyle)","UK","Tate & Lyle",2100,2100,0,"2000"
"136","Timex Corp","Netherlands","Timex Group",0,0,0,"2000"
"137","Tractebel","Belgium","Tractabel",2000,0,2000,"2000"
"138","TransAmerica (Aegon NV)","Netherlands","Aegon NV",31000,8000,23000,"2000"
"139","UnionBanCal Corp","Japan","Mitsubishi UFJ Financial Group",9750,7750,2000,"2000"
"140","United Water Resources (SUEZ SA)","France","SUEZ SA",9035,7450,1585,"2000"
"141","Universal Studios (Vivendi Universal)","France","Vivendi Universal",148750,65500,83250,"2000"
"142","US Surgical Corp (Tyco International)","Ireland","Tyco International",7100,0,7100,"2000"
"143","USFilter Corp (Vivendi Universal)","France","Vivendi Universal",17250,15000,2250,"2000"
"144","Vodafone Group","UK","Vodafone Group",49850,14600,35250,"2000"
"145","Westfield Corp","Australia","Westfield Group of Australia",29850,19350,10500,"2000"
"146","Westinghouse Electric (BNFL PLC)","UK","BNFL PLC",27000,8000,19000,"2000"
"147","Westinghouse Electric (BNFL PLC)","UK","British Nuclear Fuels PLC",250,250,0,"2000"
"148","Wexler Group (WPP Group)","UK","WPP Group",121093,53000,68093,"2000"
"149","Zenith Electronics","South Korea","LG Electronics",0,0,0,"2000"
"150","Zurich Insurance (Zurich Financial Services)","Switzerland","Zurich Financial Services",80787,25250,55537,"2000"
"151","7-Eleven","Japan","Seven & I Holdings",20000,1000,19000,"2020"
"152","ABB Group (ABB Group)","Switzerland","Asea Brown Boveri",16900,6800,10100,"2020"
"153","Accenture (Accenture)","Ireland","Accenture plc",83500,50500,33000,"2020"
"154","Air Liquide America","France","L'Air Liquide SA",37800,15800,22000,"2020"
"155","Airbus Group","Netherlands","Airbus Group",182000,79000,103000,"2020"
"156","Alkermes Inc","Ireland","Alkermes Plc",94750,30750,64000,"2020"
"157","Allianz of America (Allianz)","Germany","Allianz AG Holding",71300,36150,35150,"2020"
"158","AMG Vanadium","Netherlands","AMG Advanced Metallurgical Group",2000,0,2000,"2020"
"159","Anheuser-Busch (Anheuser-Busch InBev)","Belgium","Anheuser-Busch InBev",336500,174000,162500,"2020"
"160","AON Corp (AON plc)","UK","AON PLC",80500,44000,36500,"2020"
"161","APL Maritime (CMA CGM)","France","CMA CGM SA",26500,14000,12500,"2020"
"162","Aptiv PLC","Ireland","Aptiv PLC",0,0,0,"2020"
"163","Arcadis US (Arcadis NV)","Netherlands","Arcadis NV",0,0,0,"2020"
"164","Arch Capital Group (US)","UK","Arch Capital Group",8000,4500,3500,"2020"
"165","Arkema Inc","France","Arkema",69500,28000,41500,"2020"
"166","Ash Grove (CRH Plc)","Ireland","CRH PLC",0,0,0,"2020"
"167","Ashton Woods Homes","Canada","Great Gulf Group",0,0,0,"2020"
"168","Assured Guaranty Municipal Corp (Assured Guaranty Corp)","UK","Assured Guaranty Ltd",146500,85200,56300,"2020"
"169","Astellas US","Japan","Astellas Pharma",203500,98000,105500,"2020"
"170","AstraZeneca Pharmaceuticals (AstraZeneca PLC)","UK","AstraZeneca PLC",321500,155500,166000,"2020"
"171","Atkins North America","UK","SNC-Lavalin",41750,11050,30700,"2020"
"172","Austal USA (Austal Ltd)","Australia","Austal Ltd",31200,6200,25000,"2020"
"173","Avangrid Inc (Iberdrola SA)","Spain","Iberdrola SA",1e+05,61000,39000,"2020"
"174","Bacardi USA","UK","Bacardi Ltd",51850,22000,27850,"2020"
"175","BAE Systems (BAE Systems)","UK","BAE Systems",733500,364000,367500,"2020"
"176","Barclays Group US","UK","Barclays plc",159500,74000,85500,"2020"
"177","Barrick Goldstrike Mines","Canada","Barrick Gold Corp",39500,24000,15500,"2020"
"178","BASF Corp","Germany","BASF SE",447000,252000,195000,"2020"
"179","Bayer Corp (Bayer AG)","Germany","Bayer AG",347400,151000,196400,"2020"
"180","Bayer CropScience (Bayer AG)","Germany","Bayer AG",-4500,-4500,0,"2020"
"181","Beam Suntory (Suntory Holdings)","Japan","Suntory Holdings",42897,24066,18831,"2020"
"182","BMO Financial Corp (Bank of Montreal)","Canada","Bank of Montreal",1500,1500,0,"2020"
"183","BMO Financial Corp (Bank of Montreal)","Canada","Bank of Montreal",190260,90260,1e+05,"2020"
"184","Boehringer Ingelheim Corp","Germany","CH Boehringer Sohn",187500,96000,91500,"2020"
"185","Bombardier Transportation USA (Bombardier Inc)","Canada","Bombardier Inc",45000,29000,16000,"2020"
"186","BP North America","UK","BP PLC",236000,90000,146000,"2020"
"187","Bridgestone Americas","Japan","Bridgestone Corp",21000,3500,17500,"2020"
"188","Bumble Bee Foods (FCF Co)","Taiwan","FCF Co",2500,2500,0,"2020"
"189","Buzzi Unicem USA (Buzzi Unicem SpA)","Italy","Buzzi Unicem SpA",500,0,500,"2020"
"190","CalPortland Co","Japan","Taiheiyo Cement Co",249000,19500,229500,"2020"
"191","Cardtronics Inc","UK","Cardtronics Plc",11500,7000,4500,"2020"
"192","Carmeuse Lime","Netherlands","Carmeuse SA",0,0,0,"2020"
"193","Case New Holland","Netherlands","CNH Industrial",122000,7000,115000,"2020"
"194","CEMEX Inc","Mexico","CEMEX SAB de CV",179750,45000,134750,"2020"
"195","CGI Technologies & Solutions","Canada","CGI Group",39500,31500,8000,"2020"
"196","Chicago Bridge & Iron (McDermott International)","Panama","McDermott International",5470,470,5000,"2020"
"197","Chubb Group of Insurance Companies","Switzerland","Chubb Ltd",213000,98000,115000,"2020"
"198","CIBC Bancorp","Canada","Canadian Imperial Bank of Commerce",5000,3000,2000,"2020"
"199","Cirrus Aircraft Corp","China","Aviation Industry Corp of China",1500,1500,0,"2020"
"200","Continental Automotive Systems (Continental AG)","Germany","Continental AG",93000,48000,45000,"2020"
"201","Covestro LLC (Covestro AG)","Germany","Covestro AG",48000,12500,35500,"2020"
"202","Credit Suisse Securities","Switzerland","Credit Suisse Group",64500,22500,42000,"2020"
"203","CRH Americas (CRH PLC)","Ireland","CRH PLC",566500,200500,366000,"2020"
"204","CSL Behring","Australia","CSL Ltd",90600,25000,65600,"2020"
"205","Daimler Trucks North America (Daimler AG)","Germany","Daimler AG",2500,0,2500,"2020"
"206","Delhaize America","Belgium","Ahold Delhaize",37000,12000,25000,"2020"
"207","Deutsche Bank Securities","Germany","Deutsche Bank AG",0,0,0,"2020"
"208","Diageo North America (Diageo PLC)","UK","Diageo PLC",50563,29095,21468,"2020"
"209","Direct Energy Inc","UK","Centrica Plc",27000,17000,10000,"2020"
"210","Eaton Corp (Eaton Corp)","Ireland","Eaton Plc",51500,23000,28500,"2020"
"211","EDF Renewables (EDF Group)","France","EDF Group",44000,24000,20000,"2020"
"212","EDP Renewables NA","Portugal","EDP - Energias de Portugal",23000,10000,13000,"2020"
"213","Eisai Inc","Japan","Eisai Co Ltd",20300,7500,12800,"2020"
"214","Elbit Systems of America","Israel","Elbit Systems Ltd",55450,9100,46350,"2020"
"215","Elekta Inc (Elekta AB)","Sweden","Elekta AB",73000,35500,37500,"2020"
"216","Embraer Aircraft Holdings","Brazil","Embraer-Empresa Brasileira de Aeronautic",47500,13500,34000,"2020"
"217","EMD Serono Inc","Germany","Merck KGaA",174500,74500,1e+05,"2020"
"218","Empire District Electric (Algonquin Power & Utilities)","Canada","Algonquin Power & Utilities",13500,4000,9500,"2020"
"219","Empower Retirement (Power Financial Corp)","Canada","Power Financial Corp",50500,21500,29000,"2020"
"220","Enbridge Inc","Canada","Enbridge Inc",112000,31000,81000,"2020"
"221","Endo Pharmaceuticals","Ireland","Endo International",165500,72000,93500,"2020"
"222","ENGIE North America","France","ENGIE",11500,6000,5500,"2020"
"223","Equitable Holdings (AXA)","France","AXA",152000,69500,82500,"2020"
"224","Ericsson Inc","Sweden","Telefonaktiebolaget LM Ericsson",66000,33000,33000,"2020"
"225","Essent US Holdings","UK","Essent Group",16500,10500,6000,"2020"
"226","Experian","UK","Experian",727500,269500,458000,"2020"
"227","Farmers Group (Zurich Insurance Group)","Switzerland","Zurich Financial Services AG",236500,94000,142500,"2020"
"228","Fincantieri Marinette Marine","Italy","Fincantieri-Cantieri Navali Italiani SpA",24750,9500,15250,"2020"
"229","Florida East Coast Industries (SoftBank Corp)","Japan","SoftBank Corp",75500,24000,51500,"2020"
"230","Florida East Coast Railway (Grupo Mexico)","Mexico","Grupo Mexico",3469,3169,300,"2020"
"231","Framatome (EDF Group)","France","EDF Group",66000,34000,32000,"2020"
"232","Fresenius Medical Care North America","Germany","Fresenius Medical Care",496500,258000,238500,"2020"
"233","G4S Secure Solutions","UK","G4S plc",45000,5000,40000,"2020"
"234","Garmin International (Garmin Ltd)","Switzerland","Garmin Ltd",49000,11500,37500,"2020"
"235","GE Appliances","China","Haier Group",36000,7500,28500,"2020"
"236","Genentech Inc (Roche Holdings)","Switzerland","Roche Holdings",458000,228500,229500,"2020"
"237","General Cigar Co","Sweden","Scandinavian Tobacco Group",2500,0,2500,"2020"
"238","Gerdau Ameristeel Corp","Brazil","Gerdau Inc",4000,0,4000,"2020"
"239","Glanbia Foods (Glanbia PLC)","Ireland","Glanbia PLC",0,0,0,"2020"
"240","Glanbia Performance Nutrition (Glanbia PLC)","Ireland","Glanbia plc",0,0,0,"2020"
"241","GlaxoSmithKline","UK","GlaxoSmithKline",199000,77000,122000,"2020"
"242","Glover Park Group (WPP Group)","UK","WPP Group",135780,98780,37000,"2020"
"243","Grand Trunk Western-Illinois Central RR","Canada","Canadian National Railway",17000,5500,11500,"2020"
"244","Great-West Life & Annuity Insurance (Power Financial Corp)","Canada","Power Financial Corp",0,0,0,"2020"
"245","Greyhound Lines","UK","FirstGroup PLC",13000,9500,3500,"2020"
"246","Hannover Life Reassurance Co","Germany","Hannover Re",5000,2500,2500,"2020"
"247","Headwaters Inc","Australia","Boral Ltd",23000,4000,19000,"2020"
"248","Heineken USA","Netherlands","L'Arche Green NV",47500,25500,22000,"2020"
"249","Herbalife Nutrition","UK","Herbalife Ltd",104000,59000,45000,"2020"
"250","Holcim US (LafargeHolcim)","Switzerland","LaFargeHolcim",57000,13500,43500,"2020"
"251","Horizon Therapeutics","Ireland","Horizon Pharma PLC",156500,71500,85000,"2020"
"252","HSBC North America (HSBC Holdings)","UK","HSBC Holdings",2000,0,2000,"2020"
"253","HSBC North America (HSBC Holdings)","UK","HSBC Holdings",192500,89500,103000,"2020"
"254","IBI Group Engineering Services","Canada","IBI Group",0,0,0,"2020"
"255","IDEMIA Identity & Security (IDEMIA)","France","IDEMIA",20500,11000,9500,"2020"
"256","IGT Global Solutions","Italy","B&D Holding Di Marco Drago e C Sapa",45800,27300,18500,"2020"
"257","Infineon Technologies","Germany","Infineon Technologies AG",25750,16000,9750,"2020"
"258","Intelsat Holdings (Serafina SA)","Luxembourg","Serafina SA",16500,8500,8000,"2020"
"259","Intergraph Corp","Sweden","Hexagon AB",4800,0,4800,"2020"
"260","Ipsen Biopharmaceuticals","France","Ipsen SA",0,0,0,"2020"
"261","ITG Brands","UK","Imperial Brands",86500,14000,71500,"2020"
"262","Jackson National Life Insurance (Prudential PLC)","UK","Prudential PLC",110500,30000,80500,"2020"
"263","Jackson National Life Insurance (Prudential PLC)","UK","Prudential PLC",201000,59000,142000,"2020"
"264","JBS USA","Brazil","JBS SA",125500,18000,107500,"2020"
"265","John Hancock Life Insurance","Canada","Manulife Financial",100500,54500,46000,"2020"
"266","Johnson Controls (Johnson Controls International)","Ireland","Johnson Controls International",276400,129400,147000,"2020"
"267","Komatsu Mining","Japan","Komatsu Ltd",13500,4000,9500,"2020"
"268","Lanxess Corp (Lanxess AG)","Germany","Lanxess AG",5500,3000,2500,"2020"
"269","Lehigh Hanson","Germany","HeidelbergCement AG",173000,26000,147000,"2020"
"270","Leonardo DRS","Italy","Leonardo SpA",222000,85000,137000,"2020"
"271","Lincare Holdings (Linde plc)","UK","Linde plc",12000,1000,11000,"2020"
"272","Linde North America (Linde plc)","UK","Linde plc",0,0,0,"2020"
"273","Linde plc (Linde plc)","UK","Linde Plc",14000,11000,3000,"2020"
"274","Livanova USA","UK","Livanova Plc",4500,0,4500,"2020"
"275","Louis Dreyfus Co","Netherlands","Louis Dreyfus Group",4000,0,4000,"2020"
"276","LSEG US","UK","London Stock Exchange Group",38000,25500,12500,"2020"
"277","Lundbeck Inc","Denmark","H Lundbeck A/S",106000,55500,50500,"2020"
"278","LyondellBasell Industries","Netherlands","LyondellBasell Industries",112000,26500,85500,"2020"
"279","Maersk Inc (AP Moller-Maersk)","Denmark","AP Moller-Maersk",44500,27500,17000,"2020"
"280","Magnolia LNG (Glenfarne Group)","Australia","Glenfarne Group",5000,0,5000,"2020"
"281","Mallinckrodt Pharmaceuticals","UK","Mallinckrodt Plc",67500,18000,49500,"2020"
"282","Massachusetts Financial Services (Sun Life Financial)","Canada","Sun Life Financial Services",2500,0,2500,"2020"
"283","Maxar Technologies (Maxar Technologies)","Canada","Maxar Technologies",161000,80000,81000,"2020"
"284","MBDA Inc","UK","MBDA",0,0,0,"2020"
"285","Medtronic Inc","Ireland","Medtronic Plc",245000,142000,103000,"2020"
"286","Messer North America","Germany","Messer Group",44500,21500,23000,"2020"
"287","Mitsubishi Power","Japan","Mitsubishi Power",6000,1000,5000,"2020"
"288","Molson Coors Beverage Co (Molson Coors Brewing)","Canada","Molson Coors Brewing",93000,30000,63000,"2020"
"289","MUFG Americas","Japan","Mitsubishi UFJ Financial Group",0,0,0,"2020"
"290","Munich American Reassurance","Germany","Munich Re Group",7500,5000,2500,"2020"
"291","Nammo Inc (Nammo AS)","Norway","Nammo AS",2500,1250,1250,"2020"
"292","Nammo Talley Inc (Nammo AS)","Norway","Nammo AS",4750,2250,2500,"2020"
"293","National Grid USA (National Grid plc)","UK","National Grid plc",42000,31000,11000,"2020"
"294","Natixis Investment Managers","France","Groupe BPCE",4011,1000,3011,"2020"
"295","Nestle Purina PetCare (Nestle SA)","Switzerland","Nestle SA",43250,13500,29750,"2020"
"296","Nomura Holding America","Japan","Nomura Holdings",102500,50000,52500,"2020"
"297","NOVA Chemicals","United Arab Emirates","International Petroleum Investment Co",1200,0,1200,"2020"
"298","Novartis Corp (Novartis AG)","Switzerland","Novartis AG",290000,141000,149000,"2020"
"299","Novo Nordisk","Denmark","Novo Nordisk A/S",414582,224927,189655,"2020"
"300","Novocure Inc","UK","Novocure",65600,16000,49600,"2020"
"301","Nutrien Ag Solutions","Canada","Nutrien Ltd",49900,23400,26500,"2020"
"302","Orano USA (Orano Group)","France","Orano Group",1500,0,1500,"2020"
"303","Otsuka America (Otsuka Pharmaceutical)","Japan","Otsuka Pharmaceutical",59250,34750,24500,"2020"
"304","Permobil Inc (Investor AB)","Sweden","Investor AB",5000,0,5000,"2020"
"305","Pernod Ricard USA","France","Pernod Ricard SA",13500,4500,9000,"2020"
"306","Peter Pan Seafoods","Japan","Maruha Nichiro Holdings",4000,500,3500,"2020"
"307","Pharmavite LLC (Otsuka Pharmaceutical)","Japan","Otsuka Pharmaceutical",70000,35000,35000,"2020"
"308","Philips Electronics North America (Philips)","Netherlands","Philips",151000,78500,72500,"2020"
"309","Prime Policy Group (WPP Group)","UK","WPP Group",56000,19000,36500,"2020"
"310","Protective Life Corp (Dai-Ichi Life)","Japan","Dai-Ichi Life",199900,31000,168900,"2020"
"311","Purpose Financial (Grupo Salinas)","Mexico","Grupo Salinas",42500,2000,40500,"2020"
"312","Putnam Investments (Power Financial Corp)","Canada","Power Financial Corp",7388,0,7388,"2020"
"313","RBC Bank (Royal Bank of Canada)","Canada","Royal Bank of Canada",60500,38500,22000,"2020"
"314","Recurrent Energy","Canada","Canadian Solar",5000,0,5000,"2020"
"315","RELX Inc","UK","RELX Group",244000,110000,134000,"2020"
"316","Resolute FP US","Canada","Resolute Forest Products",88000,15500,72500,"2020"
"317","Reynolds American (British American Tobacco)","UK","British American Tobacco plc",386460,66500,319960,"2020"
"318","Rio Tinto America","UK","Rio Tinto Group",13000,7500,5500,"2020"
"319","Roche Diagnostics (Roche Holdings)","Switzerland","Roche Holdings",43500,12500,31000,"2020"
"320","Rolls-Royce North America (Rolls-Royce PLC)","UK","Rolls-Royce PLC",258500,97500,161000,"2020"
"321","Sabic Innovative Plastics","Saudi Arabia","SABIC",5500,2000,3500,"2020"
"322","Safelite Group","Belgium","D'Ieteren SA",4800,-1000,5800,"2020"
"323","Samsung Electronics America","South Korea","Samsung Group",297000,171000,126000,"2020"
"324","Sanofi US (Sanofi)","France","Sanofi",298500,114000,184500,"2020"
"325","Santander Bank (Banco Santander)","Spain","Banco Santander",114500,53000,61500,"2020"
"326","SAP America","Germany","SAP SE",30500,21000,9500,"2020"
"327","Schwan's Co","South Korea","CJ CheilJedang",194000,71000,123000,"2020"
"328","Securitas Security Services USA","Sweden","Securitas AB",0,0,0,"2020"
"329","Serco Inc","UK","Serco Group",141500,71500,70000,"2020"
"330","Shell Oil","Netherlands","Royal Dutch Shell",5000,1000,4000,"2020"
"331","Shire Holdings US (Takeda Pharmaceutical Co)","Japan","Takeda Pharmaceutical Co",-12500,-1500,-11000,"2020"
"332","Siemens Corp","Germany","Siemens AG",127250,76750,50500,"2020"
"333","Smith & Nephew","UK","Smith & Nephew Plc",93500,39000,54500,"2020"
"334","Smithfield Foods","China","WH Group",95500,25000,70500,"2020"
"335","Smiths Group Services Corp (Smiths Group)","UK","Smiths Group PLC",65500,30500,35000,"2020"
"336","Sodexo Inc","France","Sodexo",3000,0,3000,"2020"
"337","Solvay America","Belgium","Solvay SA",34000,12500,21500,"2020"
"338","Sony Music Entertainment (Sony Corp)","Japan","Sony Corp",12500,7500,5000,"2020"
"339","Sony Pictures Entertainment (Sony Corp)","Japan","Sony Corp",93500,63000,30500,"2020"
"340","Spark Therapeutics (Roche Holdings)","Switzerland","Roche Holdings",11500,4500,7000,"2020"
"341","SSAB Americas","Sweden","SSAB AB",27000,7500,19500,"2020"
"342","Standard Insurance Co","Japan","Meiji Yasuda Life Insurance",3500,0,3500,"2020"
"343","Steris Corp","UK","Steris PLC",72750,12500,60250,"2020"
"344","SUEZ Water","France","SUEZ Environnement",5500,4500,1000,"2020"
"345","Sun Life Financial (Sun Life Financial)","Canada","Sun Life Financial",112500,66500,43500,"2020"
"346","Sunovion Pharmaceuticals (Sumitomo Chemical)","Japan","Sumitomo Chemical",88000,41000,47000,"2020"
"347","Sunpower Corp","France","Total SA",24000,23500,500,"2020"
"348","Swedish Match North America (Swedish Match AB)","Sweden","Swedish Match AB",3500,0,3500,"2020"
"349","Swiss Re America","Switzerland","Swiss Reinsurance",30500,17500,13000,"2020"
"350","Syngenta Corp","China","ChemChina",143000,61000,82000,"2020"
"351","Takeda Pharmaceuticals USA (Takeda Pharmaceutical Co)","Japan","Takeda Pharmaceutical Co",136000,66000,70000,"2020"
"352","Tate & Lyle Americas (Tate & Lyle)","UK","Tate & Lyle",14750,3500,11250,"2020"
"353","TD Bank USA","Canada","Toronto-Dominion Bank",171200,80200,91000,"2020"
"354","TE Connectivity","Switzerland","TE Connectivity",114500,61000,53500,"2020"
"355","TECO Energy","Canada","Emera Inc",31000,8500,22500,"2020"
"356","Teva Pharmaceuticals USA","Israel","Teva Pharmaceutical Industries",77300,44300,33000,"2020"
"357","Toyota Motor North America","Japan","Toyota Motor Corp",1161642,583000,578642,"2020"
"358","Trane Technologies","Ireland","Trane Technologies",6800,2000,4800,"2020"
"359","TransAmerica","Netherlands","Aegon NV",504000,243500,259500,"2020"
"360","Transcanada USA Services (TC Energy)","Canada","TC Energy",142500,58500,84000,"2020"
"361","Travelport Inc","UK","Travelport Ltd",0,0,0,"2020"
"362","UBS Americas","Switzerland","UBS AG",1615000,802500,812500,"2020"
"363","UCB Inc (UCB SA)","Belgium","UCB SA",35000,13500,21500,"2020"
"364","Ultra Electronics USA","UK","Ultra Electronics",41500,14000,27500,"2020"
"365","Universal Music Group (Vivendi)","France","Vivendi",128750,73000,55750,"2020"
"366","Valent USA (Sumitomo Chemical)","Japan","Sumitomo Chemical",14000,8500,5500,"2020"
"367","VNA Holding (AB Volvo)","Sweden","AB Volvo",112500,48000,64500,"2020"
"368","VT Halter Marine","Singapore","ST Engineering",11200,0,11200,"2020"
"369","Washington Gas Light Co (AltaGas Ltd)","Canada","AltaGas Ltd",25500,18500,7000,"2020"
"370","Westinghouse Electric","Canada","Brookfield Business Partners",43500,8000,35500,"2020"
"371","Wexler & Walker Public Policy Assoc (WPP Group)","UK","WPP Group",0,0,0,"2020"
"372","WSP USA","Canada","WSP Global",147250,108750,38500,"2020"
"373","XL America (AXA)","France","AXA",0,0,0,"2020"
"374","ZF Automotive US (ZF Friedrichshafen AG)","Germany","ZF Friedrichshafen AG",24500,14500,10000,"2020"
"375","Zurich Insurance (Zurich Insurance Group)","Switzerland","Zurich Insurance Group",267500,143000,124500,"2020"
"376","Accenture (Accenture)","Ireland","Accenture plc",3000,0,3000,"2022"
"377","Acreage Holdings","Canada","Acreage Holdings",0,0,0,"2022"
"378","Air Liquide America","France","L'Air Liquide SA",17300,14800,2500,"2022"
"379","Airbus Group","Netherlands","Airbus Group",193500,82500,111000,"2022"
"380","Alexion Pharmaceuticals (AstraZeneca PLC)","UK","AstraZeneca PLC",186250,104000,82250,"2022"
"381","Alkermes Inc","Ireland","Alkermes Plc",84500,34500,50000,"2022"
"382","Allianz of America (Allianz)","Germany","Allianz AG Holding",31500,20500,11000,"2022"
"383","AMG Vanadium","Netherlands","AMG Advanced Metallurgical Group",2525,0,2525,"2022"
"384","Anheuser-Busch (Anheuser-Busch InBev)","Belgium","Anheuser-Busch InBev",457500,218000,239500,"2022"
"385","AON Corp (AON plc)","UK","AON PLC",98500,52000,46500,"2022"
"386","APL Maritime (CMA CGM)","France","CMA CGM SA",19000,8000,11000,"2022"
"387","Aptiv PLC","Ireland","Aptiv PLC",10350,5350,5000,"2022"
"388","Arcadis US (Arcadis NV)","Netherlands","Arcadis NV",1000,0,1000,"2022"
"389","Arch Capital Group (US)","UK","Arch Capital Group",8500,5500,3000,"2022"
"390","Arkema Inc","France","Arkema",51500,27000,24500,"2022"
"391","Ashton Woods Homes","Canada","Great Gulf Group",2500,0,2500,"2022"
"392","Assured Guaranty Municipal Corp (Assured Guaranty Corp)","UK","Assured Guaranty Ltd",112100,55500,56600,"2022"
"393","Astellas US","Japan","Astellas Pharma",145500,63500,82000,"2022"
"394","AstraZeneca Pharmaceuticals (AstraZeneca PLC)","UK","AstraZeneca PLC",310750,128500,182250,"2022"
"395","Atkins North America","UK","SNC-Lavalin",18000,5000,13000,"2022"
"396","Austal USA","Australia","Austal Ltd",50200,5000,45200,"2022"
"397","Avangrid Inc (Iberdrola SA)","Spain","Iberdrola SA",155000,103000,52000,"2022"
"398","Bacardi USA","UK","Bacardi Ltd",46200,19500,25700,"2022"
"399","BAE Systems (BAE Systems)","UK","BAE Systems",739500,320000,419500,"2022"
"400","Barclays Group US","UK","Barclays plc",123000,49500,73500,"2022"
"401","Barrick Goldstrike Mines","Canada","Barrick Gold Corp",14500,11000,3500,"2022"
"402","BASF Corp","Germany","BASF SE",412000,222000,190000,"2022"
"403","Bayer Corp (Bayer AG)","Germany","Bayer AG",209500,117500,92000,"2022"
"404","Beam Suntory (Suntory Holdings)","Japan","Suntory Holdings",46000,26000,20000,"2022"
"405","BMO Financial Corp (Bank of Montreal)","Canada","Bank of Montreal",0,0,0,"2022"
"406","BMO Financial Corp (Bank of Montreal)","Canada","Bank of Montreal",193000,101000,92000,"2022"
"407","Boehringer Ingelheim Corp","Germany","CH Boehringer Sohn",182900,86900,96000,"2022"
"408","Bombardier Aerospace (Bombardier Inc)","Canada","Bombardier Inc",36500,16500,20000,"2022"
"409","BP North America","UK","BP PLC",-2000,0,-2000,"2022"
"410","Bridgestone Americas","Japan","Bridgestone Corp",29500,15000,14500,"2022"
"411","Bumble Bee Foods (FCF Co)","Taiwan","FCF Co",6000,6000,0,"2022"
"412","CAE USA","Canada","CAE Inc",11000,6000,5000,"2022"
"413","CalPortland Co","Japan","Taiheiyo Cement Co",214000,13000,201000,"2022"
"414","Carmeuse Lime","Netherlands","Carmeuse SA",1000,0,1000,"2022"
"415","Case New Holland","Netherlands","CNH Industrial",101000,5000,96000,"2022"
"416","CEMEX Inc","Mexico","CEMEX SAB de CV",42500,16500,26000,"2022"
"417","CGI Technologies & Solutions","Canada","CGI Group",48000,40000,8000,"2022"
"418","Chubb Group of Insurance Companies","Switzerland","Chubb Ltd",98000,51500,46500,"2022"
"419","CIBC Bancorp","Canada","Canadian Imperial Bank of Commerce",2000,2000,0,"2022"
"420","Cirrus Aircraft Corp","China","Aviation Industry Corp of China",0,0,0,"2022"
"421","Continental Automotive Systems (Continental AG)","Germany","Continental AG",59000,31000,28000,"2022"
"422","Covestro LLC (Covestro AG)","Germany","Covestro AG",14000,9500,4500,"2022"
"423","Credit Suisse Securities","Switzerland","Credit Suisse Group",55000,25000,30000,"2022"
"424","CRH Americas (CRH PLC)","Ireland","CRH PLC",549600,208500,341100,"2022"
"425","Cronos USA","Canada","Cronos Group",33000,21000,12000,"2022"
"426","CSL Behring","Australia","CSL Ltd",55100,32700,22400,"2022"
"427","Delhaize America","Belgium","Ahold Delhaize",43500,19000,24500,"2022"
"428","Deutsche Bank Securities","Germany","Deutsche Bank AG",0,0,0,"2022"
"429","Diageo North America (Diageo PLC)","UK","Diageo PLC",17575,12575,5000,"2022"
"430","Eaton Corp (Eaton Corp)","Ireland","Eaton Plc",52353,24500,27853,"2022"
"431","EDF Renewables (EDF Group)","France","EDF Group",38000,32500,5500,"2022"
"432","EDP Renewables NA","Portugal","EDP - Energias de Portugal",22000,20500,1500,"2022"
"433","Eisai Inc","Japan","Eisai Co Ltd",23100,11300,11800,"2022"
"434","Elbit Systems of America","Israel","Elbit Systems Ltd",63000,16500,46500,"2022"
"435","Electrolux Home Products","Sweden","AB Electrolux",4500,1500,3000,"2022"
"436","Elekta Inc (Elekta AB)","Sweden","Elekta AB",88100,41500,46600,"2022"
"437","Embraer Aircraft Holdings","Brazil","Embraer-Empresa Brasileira de Aeronautic",61000,18500,42500,"2022"
"438","EMD Serono Inc","Germany","Merck KGaA",149500,80000,69500,"2022"
"439","Empire District Electric (Algonquin Power & Utilities)","Canada","Algonquin Power & Utilities",-1000,-1000,0,"2022"
"440","Empower Retirement (Power Financial Corp)","Canada","Power Financial Corp",45500,18500,27000,"2022"
"441","Enbridge Inc","Canada","Enbridge Inc",84500,23500,61000,"2022"
"442","Endo Pharmaceuticals","Ireland","Endo International",0,0,0,"2022"
"443","ENGIE North America","France","ENGIE",21500,17500,4000,"2022"
"444","Ericsson Inc","Sweden","Telefonaktiebolaget LM Ericsson",117500,59500,58000,"2022"
"445","Essent US Holdings","UK","Essent Group",10500,2500,8000,"2022"
"446","Experian","UK","Experian",554500,256500,298000,"2022"
"447","Farmers Group (Zurich Insurance Group)","Switzerland","Zurich Financial Services AG",262000,139000,123000,"2022"
"448","Fincantieri Marinette Marine","Italy","Fincantieri-Cantieri Navali Italiani SpA",19500,11000,8500,"2022"
"449","Finsbury Glover Hering (WPP Group)","UK","WPP Group",124250,71500,52750,"2022"
"450","Florida East Coast Industries (SoftBank Corp)","Japan","SoftBank Corp",62000,20500,41500,"2022"
"451","Florida East Coast Railway (Grupo Mexico)","Mexico","Grupo Mexico",2150,1850,300,"2022"
"452","Framatome (EDF Group)","France","EDF Group",32000,15000,17000,"2022"
"453","Fresenius Medical Care North America","Germany","Fresenius Medical Care",405500,180000,225500,"2022"
"454","G4S Secure Solutions","UK","G4S plc",2900,2900,0,"2022"
"455","Garmin International (Garmin Ltd)","Switzerland","Garmin Ltd",117000,39500,77500,"2022"
"456","GE Appliances","China","Haier Group",23000,5000,18000,"2022"
"457","Genentech Inc (Roche Holdings)","Switzerland","Roche Holdings",295000,154500,140500,"2022"
"458","General Cigar Co","Sweden","Scandinavian Tobacco Group",500,0,500,"2022"
"459","GenesisCare USA","Australia","GenesisCare",17000,9500,7500,"2022"
"460","Gerdau Ameristeel Corp","Brazil","Gerdau Inc",14000,6000,8000,"2022"
"461","Glanbia Foods (Glanbia PLC)","Ireland","Glanbia PLC",0,0,0,"2022"
"462","Grand Trunk Western-Illinois Central RR","Canada","Canadian National Railway",22000,7000,15000,"2022"
"463","Greyhound Lines","UK","FirstGroup PLC",10500,6000,4500,"2022"
"464","GSK plc","UK","GlaxoSmithKline",205000,54000,151000,"2022"
"465","Haleon plc","UK","Haleon plc",2500,0,2500,"2022"
"466","Hannover Life Reassurance Co","Germany","Hannover Re",17500,10000,7500,"2022"
"467","Hatch LTK (Hatch Ltd)","Canada","Hatch Ltd",5800,5800,0,"2022"
"468","Headwaters Inc","Australia","Boral Ltd",10500,1000,9500,"2022"
"469","Heineken USA","Netherlands","L'Arche Green NV",26000,14000,12000,"2022"
"470","Herbalife Nutrition","UK","Herbalife Ltd",85500,35500,50000,"2022"
"471","Holcim US (Holcim Group)","Switzerland","Holcim Group",37000,22000,15000,"2022"
"472","Horizon Therapeutics","Ireland","Horizon Pharma PLC",149000,89000,60000,"2022"
"473","HSBC North America (HSBC Holdings)","UK","HSBC Holdings",34500,11000,23500,"2022"
"474","HSBC North America (HSBC Holdings)","UK","HSBC Holdings",61000,36500,24500,"2022"
"475","IBI Group Engineering Services","Canada","IBI Group",150,0,150,"2022"
"476","IDEMIA Identity & Security (IDEMIA)","France","IDEMIA",29900,6000,23900,"2022"
"477","IGT Global Solutions","Italy","B&D Holding Di Marco Drago e C Sapa",42900,32900,10000,"2022"
"478","Infineon Technologies","Germany","Infineon Technologies AG",20000,12500,7500,"2022"
"479","Intelsat US","Luxembourg","Intelsat Holdings",49000,25500,23500,"2022"
"480","Intergraph Corp","Sweden","Hexagon AB",2900,0,2900,"2022"
"481","Ipsen Biopharmaceuticals","France","Ipsen SA",40000,22500,17500,"2022"
"482","ITG Brands (Imperial Brands)","UK","Imperial Brands",14000,5500,8500,"2022"
"483","Jackson National Life Insurance (Prudential PLC)","UK","Prudential PLC",169198,50998,118200,"2022"
"484","Jackson National Life Insurance (Prudential PLC)","UK","Prudential PLC",87000,50000,37000,"2022"
"485","JBS USA","Brazil","JBS SA",18500,7000,11500,"2022"
"486","John Hancock Life Insurance","Canada","Manulife Financial",94500,58500,36000,"2022"
"487","Johnson Controls (Johnson Controls International)","Ireland","Johnson Controls International",211500,117500,94000,"2022"
"488","Komatsu Mining","Japan","Komatsu Ltd",20599,9500,11099,"2022"
"489","Lanxess Corp (Lanxess AG)","Germany","Lanxess AG",0,0,0,"2022"
"490","Lehigh Hanson","Germany","HeidelbergCement AG",102000,22500,79500,"2022"
"491","Leonardo DRS","Italy","Leonardo SpA",204000,76500,127500,"2022"
"492","Liberty Utilities (Algonquin Power & Utilities)","Canada","Algonquin Power & Utilities",0,0,0,"2022"
"493","Lincare Holdings (Linde plc)","UK","Linde plc",23500,6000,17500,"2022"
"494","Linde plc (Linde plc)","UK","Linde Plc",11000,11000,0,"2022"
"495","Livanova USA","UK","Livanova Plc",6000,4000,2000,"2022"
"496","Louis Dreyfus Co","Netherlands","Louis Dreyfus Group",2000,0,2000,"2022"
"497","LSEG US","UK","London Stock Exchange Group",2000,2000,0,"2022"
"498","Lundbeck Inc","Denmark","H Lundbeck A/S",127400,72400,55000,"2022"
"499","LyondellBasell Industries","Netherlands","LyondellBasell Industries",95000,41500,53500,"2022"
"500","Maersk Inc (AP Moller-Maersk)","Denmark","AP Moller-Maersk",60500,29500,31000,"2022"
"501","Mallinckrodt Pharmaceuticals","UK","Mallinckrodt Plc",500,4500,-4000,"2022"
"502","Maxar Technologies (Maxar Technologies)","Canada","Maxar Technologies",173500,93000,78000,"2022"
"503","MBDA Inc","UK","MBDA",1000,0,1000,"2022"
"504","Medtronic Inc","Ireland","Medtronic Plc",225000,119000,106000,"2022"
"505","Mercedes-Benz USA (Daimler AG)","Germany","Daimler AG",3500,0,3500,"2022"
"506","Messer North America","Germany","Messer Group",28500,12000,16500,"2022"
"507","Mitsubishi Power","Japan","Mitsubishi Power",1000,0,1000,"2022"
"508","Molson Coors Beverage Co (Molson Coors Brewing)","Canada","Molson Coors Brewing",77500,23000,54500,"2022"
"509","MUFG Americas","Japan","Mitsubishi UFJ Financial Group",0,0,0,"2022"
"510","Munich American Reassurance","Germany","Munich Re Group",12500,5000,7500,"2022"
"511","Nammo Inc (Nammo AS)","Norway","Nammo AS",9000,2000,7000,"2022"
"512","National Grid USA (National Grid plc)","UK","National Grid plc",58500,49500,9000,"2022"
"513","Nestle Purina PetCare (Nestle SA)","Switzerland","Nestle SA",0,0,0,"2022"
"514","Nomura Holding America","Japan","Nomura Holdings",49500,19500,30000,"2022"
"515","NOVA Chemicals","United Arab Emirates","International Petroleum Investment Co",0,0,0,"2022"
"516","Novartis Corp (Novartis AG)","Switzerland","Novartis AG",281500,159500,122000,"2022"
"517","Novo Nordisk","Denmark","Novo Nordisk A/S",288250,147250,141000,"2022"
"518","Novocure Inc","UK","Novocure",94500,46000,48500,"2022"
"519","Nutrien Ag Solutions","Canada","Nutrien Ltd",46500,15000,31500,"2022"
"520","Otsuka America (Otsuka Pharmaceutical)","Japan","Otsuka Pharmaceutical",125500,71500,54000,"2022"
"521","Permobil Inc (Investor AB)","Sweden","Investor AB",1000,1000,0,"2022"
"522","Pernod Ricard USA","France","Pernod Ricard SA",27000,13500,13500,"2022"
"523","Pharmavite LLC (Otsuka Pharmaceutical)","Japan","Otsuka Pharmaceutical",94500,50000,44500,"2022"
"524","Philips Electronics North America (Philips)","Netherlands","Philips",119750,54250,65500,"2022"
"525","Prime Policy Group (WPP Group)","UK","WPP Group",42750,24500,18250,"2022"
"526","Protective Life Corp (Dai-Ichi Life)","Japan","Dai-Ichi Life",177000,46500,130500,"2022"
"527","Purpose Financial (Grupo Salinas)","Mexico","Grupo Salinas",46500,18500,28000,"2022"
"528","Putnam Investments (Power Financial Corp)","Canada","Power Financial Corp",11500,5500,6000,"2022"
"529","RBC Bank (Royal Bank of Canada)","Canada","Royal Bank of Canada",91500,45000,46500,"2022"
"530","Recurrent Energy","Canada","Canadian Solar",13900,9900,4000,"2022"
"531","RELX Inc","UK","RELX Group",94500,58500,36000,"2022"
"532","Resolute FP US","Canada","Resolute Forest Products",75500,5500,70000,"2022"
"533","Reynolds American (British American Tobacco)","UK","British American Tobacco plc",242100,63600,178500,"2022"
"534","Rio Tinto America","UK","Rio Tinto Group",33500,14500,19000,"2022"
"535","Roche Diagnostics (Roche Holdings)","Switzerland","Roche Holdings",103000,50000,53000,"2022"
"536","Rolls-Royce North America (Rolls-Royce PLC)","UK","Rolls-Royce PLC",234000,87000,147000,"2022"
"537","Saab North America","Sweden","Saab AB",4500,2500,2000,"2022"
"538","Sabic Innovative Plastics","Saudi Arabia","SABIC",7000,6000,1000,"2022"
"539","Safelite Group","Belgium","D'Ieteren SA",3500,3500,0,"2022"
"540","Samsung Electronics America","South Korea","Samsung Group",394000,214500,179500,"2022"
"541","Sanofi US (Sanofi)","France","Sanofi",233000,122500,110500,"2022"
"542","Santander Bank (Banco Santander)","Spain","Banco Santander",86500,54000,32500,"2022"
"543","SAP America","Germany","SAP SE",88500,43500,45000,"2022"
"544","Schwan's Co","South Korea","CJ CheilJedang",162500,49000,113500,"2022"
"545","Securitas Security Services USA","Sweden","Securitas AB",0,0,0,"2022"
"546","Serco Inc","UK","Serco Group",117500,69000,48500,"2022"
"547","Shell USA","UK","Shell plc",5000,0,5000,"2022"
"548","Siemens Corp (Siemens AG)","Germany","Siemens AG",184000,101500,82500,"2022"
"549","Smith & Nephew","UK","Smith & Nephew Plc",96000,56500,39500,"2022"
"550","Smithfield Foods","China","WH Group",41000,19000,22000,"2022"
"551","Smiths Group Services Corp (Smiths Group)","UK","Smiths Group PLC",33500,16500,17000,"2022"
"552","Smiths Group Services Corp (Smiths Group)","UK","Smiths Group PLC",29948,13500,16448,"2022"
"553","Sodexo Inc","France","Sodexo",2900,2900,0,"2022"
"554","Solvay America","Belgium","Solvay SA",65000,35500,29500,"2022"
"555","Sony Music Entertainment (Sony Corp)","Japan","Sony Corp",32500,19500,13000,"2022"
"556","Sony Pictures Entertainment (Sony Corp)","Japan","Sony Corp",42500,26000,16500,"2022"
"557","Spark Therapeutics (Roche Holdings)","Switzerland","Roche Holdings",8500,6500,2000,"2022"
"558","SSAB Americas","Sweden","SSAB AB",31500,9000,22500,"2022"
"559","Standard Insurance Co","Japan","Meiji Yasuda Life Insurance",4500,2000,2500,"2022"
"560","Steris Corp","Ireland","Steris PLC",65000,27500,37500,"2022"
"561","SUEZ Water","France","SUEZ Environnement",20500,18500,2000,"2022"
"562","Sun Life Financial (Sun Life Financial)","Canada","Sun Life Financial",132000,75000,57000,"2022"
"563","Sunovion Pharmaceuticals (Sumitomo Chemical)","Japan","Sumitomo Chemical",107200,51900,55300,"2022"
"564","Sunpower Corp","France","TotalEnergies",32000,28500,3500,"2022"
"565","Swedish Match North America (Swedish Match AB)","Sweden","Swedish Match AB",5000,0,5000,"2022"
"566","Swiss Re America","Switzerland","Swiss Reinsurance",0,0,0,"2022"
"567","Syngenta Corp","China","ChemChina",207000,56000,151000,"2022"
"568","Tabacalera USA (Imperial Brands)","UK","Imperial Brands",4321,2300,2021,"2022"
"569","Takeda Pharmaceuticals USA (Takeda Pharmaceutical Co)","Japan","Takeda Pharmaceutical Co",207500,119000,88500,"2022"
"570","TD Bank USA","Canada","Toronto-Dominion Bank",259500,144500,114000,"2022"
"571","TE Connectivity","Switzerland","TE Connectivity",92000,39500,52500,"2022"
"572","TECO Energy","Canada","Emera Inc",37000,4500,32500,"2022"
"573","Teva Pharmaceuticals USA","Israel","Teva Pharmaceutical Industries",72400,34500,37900,"2022"
"574","Toyota Motor North America","Japan","Toyota Motor Corp",1053977,538097,515880,"2022"
"575","Trane Technologies","Ireland","Trane Technologies",26300,3300,23000,"2022"
"576","TransAmerica","Netherlands","Aegon NV",418500,211000,207500,"2022"
"577","Transcanada USA Services (TC Energy)","Canada","TC Energy",138500,30500,108000,"2022"
"578","UBS Americas","Switzerland","UBS AG",1470000,775000,695000,"2022"
"579","UCB Inc (UCB SA)","Belgium","UCB SA",52500,31000,21500,"2022"
"580","Ultra Electronics USA","UK","Ultra Electronics",80000,13500,66500,"2022"
"581","Universal Music Group (Universal Music Group)","Netherlands","Universal Music Group NV",131000,76000,55000,"2022"
"582","Valent USA (Sumitomo Chemical)","Japan","Sumitomo Chemical",8000,4500,3500,"2022"
"583","Varian Medical Systems (Siemens AG)","Germany","Siemens AG",65800,39300,26500,"2022"
"584","VNA Holding (AB Volvo)","Sweden","AB Volvo",67500,40000,27500,"2022"
"585","VT Halter Marine","Singapore","ST Engineering",18000,1000,17000,"2022"
"586","Washington Gas Light Co (AltaGas Ltd)","Canada","AltaGas Ltd",23400,14400,9000,"2022"
"587","Westinghouse Electric","Canada","Brookfield Business Partners",41000,15000,26000,"2022"
"588","WSP USA","Canada","WSP Global",64750,44250,20500,"2022"
"589","ZF Automotive US (ZF Friedrichshafen AG)","Germany","ZF Friedrichshafen AG",-2000,0,-2000,"2022"
"590","Zurich Insurance (Zurich Insurance Group)","Switzerland","Zurich Insurance Group",308000,144000,164000,"2022"
